{
	"partitions" : [
		{
			"name" : "Top",
			"pins" : [
				{
					"name" : "LED_GREEN_O[0]",
					"strict" : false
				},
				{
					"name" : "LED_GREEN_O[1]",
					"strict" : false
				},
				{
					"name" : "LED_GREEN_O[2]",
					"strict" : false
				},
				{
					"name" : "LED_GREEN_O[3]",
					"strict" : false
				},
				{
					"name" : "LED_GREEN_O[4]",
					"strict" : false
				},
				{
					"name" : "LED_GREEN_O[5]",
					"strict" : false
				},
				{
					"name" : "LED_GREEN_O[6]",
					"strict" : false
				},
				{
					"name" : "LED_GREEN_O[7]",
					"strict" : false
				},
				{
					"name" : "CLOCK_50_I",
					"strict" : false
				},
				{
					"name" : "SWITCH_I[17]",
					"strict" : false
				},
				{
					"name" : "SWITCH_I[0]",
					"strict" : false
				}
			]
		}
	]
}